n_alert_workers,n_enrichment_workers,n_filter_workers,wall_time_s,alerts_per_second,aps_per_alert_worker,aps_per_enrichment_worker,aps_per_filter_worker,filter_batch_mean,filter_batch_p50,filter_full_frac,filter_small_frac_lt500,enrich_enqueue_mean,enrich_enqueue_p50,alert_rate_mean,alert_active_s,enrich_active_s,filter_active_s,tail_idle_s
1,1,1,309.816969,94.06198793456016,94.06198793456016,94.06198793456016,94.06198793456016,883.0909090909091,1000.0,0.8484848484848485,0.12121212121212122,687.0909090909091,754.0,,167.862797,313.673999,314.578328,0.0
1,2,1,175.22540999999998,166.3114955758985,166.3114955758985,83.15574778794925,166.3114955758985,159.24590163934425,130.0,0.0,0.9781420765027322,96.8974358974359,76.0,,165.341045,171.464888,173.725972,6.276787
1,3,1,175.28660399999998,166.253434860316,166.253434860316,55.41781162010533,166.253434860316,43.75675675675676,36.0,0.0,1.0,12.236373448461954,10.0,,163.683314,164.663851,164.879523,15.123662
1,3,3,175.226138,166.31080461295107,166.31080461295107,55.43693487098369,55.43693487098369,27.83381088825215,22.0,0.0,1.0,12.009533898305085,10.0,,165.392942,166.36147,166.483155,13.519974
1,6,1,175.328946,166.2132845993382,166.2132845993382,27.7022140998897,166.2132845993382,33.57373271889401,28.0,0.0,1.0,4.716871229457042,4.0,,162.841965,163.538216,163.715553,16.288436
1,6,3,152.53060499999998,191.05673907213574,191.05673907213574,31.842789845355956,63.68557969071191,17.802076970067198,15.0,0.0,1.0,4.976733977172959,4.0,,156.546778,157.268668,157.376185,0.0
1,9,1,158.478954,183.88561549945618,183.88561549945618,20.431735055495132,183.88561549945618,33.45809414466131,28.0,0.0,1.0,3.4942209893666205,3.0,,161.972073,162.908989,163.047408,0.0
1,9,3,152.556556,191.0242389058652,191.0242389058652,21.22491543398502,63.67474630195506,16.729047072330655,14.0,0.0,1.0,3.644165863066538,3.0,,156.422108,157.197107,157.346798,0.0
2,2,1,159.529014,182.6752342367013,91.33761711835065,91.33761711835065,182.6752342367013,832.6285714285714,1000.0,0.7714285714285715,0.2,647.8285714285714,738.0,,78.830263,162.445746,164.342984,0.0
2,3,1,115.296815,252.7563315604165,126.37816578020825,84.25211052013883,252.7563315604165,766.8947368421053,1000.0,0.6578947368421053,0.2631578947368421,566.85,723.5,,74.704543,113.050434,116.630211,3.371592
3,3,1,115.25904299999999,252.8391633444328,84.27972111481093,84.27972111481093,252.8391633444328,832.6285714285714,1000.0,0.7714285714285715,0.17142857142857143,612.8108108108108,748.0,,50.164519,111.254957,119.279072,0.722643
3,3,3,115.209086,252.94879954173058,84.3162665139102,84.3162665139102,84.3162665139102,832.6285714285714,1000.0,0.7428571428571429,0.17142857142857143,647.8285714285714,740.0,,49.318498,113.689914,115.758253,4.2440809999999995
3,4,1,90.766628,321.06513861019494,107.02171287006497,80.26628465254873,321.06513861019494,766.8947368421053,1000.0,0.6578947368421053,0.23684210526315788,492.9130434782609,679.5,,51.204623,87.011512,95.520156,0.0
3,4,2,87.063983,334.71935231816815,111.57311743938938,83.67983807954204,167.35967615908407,766.8947368421053,1000.0,0.6842105263157895,0.3157894736842105,553.0243902439024,728.0,,48.855339,88.268088,91.856301,0.0
3,6,1,76.634305,380.27356025477104,126.75785341825701,63.37892670912851,380.27356025477104,766.8947368421053,1000.0,0.6842105263157895,0.23684210526315788,371.7049180327869,217.0,,46.228568,63.220173,81.424589,0.0
3,6,2,65.2351,446.7226998962215,148.90756663207384,74.45378331603692,223.36134994811076,607.125,670.5,0.4166666666666667,0.4375,384.3050847457627,276.0,,45.556167,64.647929,70.065981,0.0
3,6,3,63.626104999999995,458.0195503087923,152.6731834362641,76.33659171813206,152.6731834362641,502.44827586206895,414.0,0.27586206896551724,0.5517241379310345,333.44117647058823,186.5,,46.609982,63.285252,68.336474,0.0
3,9,1,76.617967,380.35464971290617,126.78488323763538,42.261627745878464,380.35464971290617,787.6216216216217,1000.0,0.7567567567567568,0.21621621621621623,37.477685950413225,28.0,,45.834477,48.750047,81.413898,0.0
3,9,3,55.208399,527.854466491593,175.95148883053102,58.65049627684367,175.95148883053102,209.6546762589928,161.0,0.007194244604316547,0.9496402877697842,41.68014705882353,32.0,,44.924004,48.898833,49.704296,10.297656
3,10,3,55.275656999999995,527.2121867316747,175.7373955772249,52.72121867316747,175.7373955772249,192.9933774834437,152.0,0.006622516556291391,0.9602649006622517,30.43489932885906,23.0,,43.094829,46.942533,48.548782,11.477644
3,11,3,55.27234,527.243825754437,175.74794191814567,47.931256886767,175.74794191814567,179.88888888888889,116.0,0.006172839506172839,0.9259259259259259,19.580310880829014,14.0,,43.008329,46.430419,48.237228,11.764912
3,12,3,55.210268,527.8365973517824,175.94553245059413,43.98638311264853,175.94553245059413,161.9,115.0,0.0,0.9444444444444444,15.136181575433913,11.0,,43.15429,45.237282,47.472003,12.531874
3,13,2,55.310303999999995,526.8819350549945,175.62731168499818,40.529379619614964,263.44096752749726,747.2307692307693,1000.0,0.6410256410256411,0.2564102564102564,14.135910224438902,10.0,,41.348911,44.387129,52.10172,7.898857
3,19,3,55.332484,526.6707346809154,175.55691156030514,27.719512351627127,175.55691156030514,189.23376623376623,109.5,0.01948051948051948,0.8961038961038961,7.485638824694619,5.0,,41.738372,44.069918,46.851599,13.151228
4,6,1,77.60871399999999,375.4990708904158,93.87476772260395,62.58317848173596,375.4990708904158,766.8947368421053,1000.0,0.631578947368421,0.2631578947368421,427.811320754717,395.0,,35.422277,61.476003,82.324854,0.0
4,7,1,76.805279,379.4270443311585,94.85676108278963,54.20386347587979,379.4270443311585,832.6285714285714,1000.0,0.7428571428571429,0.17142857142857143,384.3050847457627,219.0,,34.695515,58.338616,81.548313,0.0
4,7,2,58.513217999999995,498.0413143573817,124.51032858934542,71.14875919391167,249.02065717869084,647.6,978.0,0.4888888888888889,0.4,397.7894736842105,282.0,,35.163181,59.281478,63.23849,0.0
4,8,2,55.785942999999996,522.3896636469873,130.59741591174682,65.29870795587341,261.19483182349364,662.3181818181819,969.5,0.4772727272727273,0.38636363636363635,354.28125,202.5,,35.069407,54.236652,60.626736,0.0
4,8,3,55.263946999999995,527.3238988883658,131.83097472209144,65.91548736104572,175.7746329627886,582.84,542.5,0.4,0.48,314.9166666666667,132.0,,34.587913,52.981118,57.700064,2.302907
4,9,3,55.227874,527.6683292208569,131.91708230521422,58.62981435787299,175.88944307361896,539.6666666666666,439.5,0.35185185185185186,0.5555555555555556,269.92857142857144,105.5,,34.625305,49.698974,55.423969,4.578876
4,10,3,55.165914,528.2609837661713,132.06524594154283,52.82609837661713,176.08699458872377,462.57142857142856,412.0,0.1746031746031746,0.5555555555555556,202.44642857142858,121.5,,35.391419,48.850345,53.464585,6.537855
4,10,4,55.183876,528.0890381820951,132.02225954552378,52.808903818209515,132.02225954552378,422.3478260869565,359.0,0.17391304347826086,0.6811594202898551,195.4655172413793,105.0,,34.70529,49.486111,54.193358,5.809354
4,10,5,55.293364,527.04335370154,131.760838425385,52.704335370154,105.408670740308,404.75,308.5,0.1527777777777778,0.6666666666666666,193.7948717948718,67.0,,34.333967,47.764136,52.338224,7.666246
4,11,3,55.31877,526.8013008966035,131.70032522415087,47.891027354236684,175.60043363220117,441.54545454545456,369.0,0.18181818181818182,0.5606060606060606,139.1042944785276,81.0,,34.510759,43.523408,46.730328,13.272531
4,12,2,55.298578,526.9936597646326,131.74841494115816,43.91613831371939,263.4968298823163,693.8571428571429,1000.0,0.6428571428571429,0.35714285714285715,76.08724832214764,51.5,,34.586502,40.055796,52.120851,7.8805
4,12,3,36.514477,798.0944106087019,199.52360265217547,66.50786755072515,266.0314702029006,560.4230769230769,536.5,0.36538461538461536,0.5,75.58,49.5,,34.222786,38.995625,41.19311,0.0
4,13,3,36.503150999999995,798.3420390201384,199.5855097550346,61.41092607847218,266.1140130067128,607.125,1000.0,0.5208333333333334,0.4375,36.2784,26.0,,35.536,37.900234,41.210207,0.0
4,13,4,35.090328,830.4852550822552,207.6213137705638,63.883481160173474,207.6213137705638,264.92727272727274,132.0,0.07272727272727272,0.8181818181818182,38.758974358974356,28.0,,35.258734,38.914652,39.906554,0.0
4,14,4,33.760204,863.2056844206272,215.8014211051568,61.65754888718766,215.8014211051568,249.07692307692307,145.0,0.06837606837606838,0.8461538461538461,26.488317757009344,19.0,,34.582386,37.138698,38.493028,0.0
4,15,4,34.617293,841.8335887788801,210.45839719472002,56.122239251925336,210.45839719472002,338.86046511627904,197.0,0.1511627906976744,0.7325581395348837,22.651348651348652,16.0,,34.68369,36.760987,39.471769,0.0
5,5,1,83.29805999999999,349.8520853907042,69.97041707814084,69.97041707814084,349.8520853907042,809.5,1000.0,0.75,0.25,527.3023255813954,736.0,,26.597414,75.48887,88.165272,0.0
5,6,2,65.213797,446.8686281217455,89.37372562434909,74.47810468695758,223.43431406087274,766.8947368421053,1000.0,0.631578947368421,0.2631578947368421,503.8666666666667,701.0,,28.095627,65.81161,69.960912,0.0
5,8,1,75.578197,385.58739367651225,77.11747873530246,48.19842420956403,385.58739367651225,787.6216216216217,1000.0,0.6756756756756757,0.21621621621621623,348.83076923076925,144.0,,28.909371,51.91851,80.315073,0.0
5,8,2,55.273551999999995,527.2322647185765,105.4464529437153,65.90403308982206,263.61613235928826,560.4230769230769,510.0,0.4230769230769231,0.5,404.89285714285717,303.0,,27.65323,55.345149,58.871921,1.130496
5,8,3,55.181315999999995,528.1135375604308,105.62270751208617,66.01419219505385,176.03784585347694,594.734693877551,596.0,0.46938775510204084,0.46938775510204084,377.9,233.0,,28.701021,52.211759,54.922192,5.08038
5,9,4,55.151270999999994,528.4012402905456,105.68024805810913,58.71124892117174,132.1003100726364,620.0425531914893,751.0,0.48936170212765956,0.44680851063829785,404.89285714285717,279.5,,27.404789,52.213831,55.28816,4.715182
5,10,2,55.170120999999995,528.2207012016523,105.64414024033047,52.822070120165236,264.11035060082617,677.7209302325581,949.0,0.4883720930232558,0.3488372093023256,302.32,124.0,,28.539698,46.932966,53.306858,6.694789
5,10,3,55.209109999999995,527.8476686184581,105.56953372369162,52.78476686184581,175.94922287281938,607.125,694.0,0.3958333333333333,0.4583333333333333,343.54545454545456,169.5,,28.901761,48.436302,50.695736,9.306904
5,11,2,55.281681,527.1547368467322,105.43094736934646,47.92315789515748,263.5773684233661,710.780487804878,1000.0,0.6341463414634146,0.3170731707317073,290.6923076923077,137.5,,27.029588,42.770818,52.440208,7.561019
5,11,3,55.173747,528.1859867157473,105.63719734314945,48.01690788324975,176.06199557191576,571.4117647058823,592.0,0.3137254901960784,0.43137254901960786,243.80645161290323,106.0,,35.966979,46.295607,48.840657,11.161811
5,13,4,38.985299,747.512543125551,149.5025086251102,57.50096485581162,186.87813578138775,428.55882352941177,363.5,0.10294117647058823,0.5882352941176471,146.28387096774193,73.0,,29.633286,41.198935,43.658016,0.0
5,14,4,32.936164999999995,884.8024656179614,176.96049312359227,63.200176115568674,221.20061640449035,455.34375,394.0,0.21875,0.609375,131.82558139534885,95.5,,29.866309,36.243578,37.615169,0.0
5,15,4,32.341021,901.0847245669827,180.21694491339653,60.07231497113218,225.27118114174567,549.8490566037735,431.0,0.37735849056603776,0.5094339622641509,81.85559566787003,58.0,,30.447068,34.299785,37.024524,0.0
5,16,4,31.334398999999998,930.0321987985154,186.00643975970308,58.127012424907214,232.50804969962886,633.5217391304348,854.0,0.5,0.391304347826087,43.77220077220077,30.0,,29.912285,34.529352,36.000251,0.0
6,3,1,115.284398,252.78355532550034,42.13059255425006,84.26118510850011,252.78355532550034,910.6875,1000.0,0.875,0.09375,666.8823529411765,752.0,,26.780651,114.540063,116.106435,3.895246
6,3,3,115.147024,253.08513401093197,42.18085566848866,84.36171133697732,84.36171133697732,857.1176470588235,1000.0,0.8235294117647058,0.17647058823529413,647.8285714285714,748.0,,24.016782,113.977025,115.205261,4.797716
6,6,1,85.327905,341.529538314576,56.921589719096,56.921589719096,341.529538314576,809.5,1000.0,0.7222222222222222,0.19444444444444445,596.6842105263158,730.0,,26.094828,64.119165,90.055309,0.0
6,6,3,61.485808,473.96303224965345,78.99383870827558,78.99383870827558,157.98767741655115,766.8947368421053,1000.0,0.6842105263157895,0.2631578947368421,539.8571428571429,731.5,,27.290514,65.127937,66.322706,0.0
6,8,4,55.179975,528.1263719311218,88.02106198852029,66.01579649139022,132.03159298278044,693.8571428571429,1000.0,0.5714285714285714,0.35714285714285715,482.4255319148936,684.0,,27.033471,50.784124,52.879716,7.126264
6,9,1,75.180187,387.6287245734039,64.60478742890065,43.06985828593376,387.6287245734039,747.2307692307693,1000.0,0.6410256410256411,0.28205128205128205,390.9310344827586,245.5,,24.759424,48.300234,80.04626,0.0
6,9,3,55.277857,527.1912042465757,87.86520070776261,58.57680047184174,175.73040141552522,582.84,562.0,0.44,0.46,354.28125,181.5,,25.722566,48.062712,49.646304,10.355894
6,10,1,77.412059,376.4529761441948,62.74216269069913,37.645297614419476,376.4529761441948,832.6285714285714,1000.0,0.7714285714285715,0.17142857142857143,371.7049180327869,221.0,,26.627441,41.838155,82.229266,0.0
6,10,2,55.210805,527.831463424596,87.971910570766,52.7831463424596,263.915731712298,693.8571428571429,1000.0,0.5714285714285714,0.3333333333333333,359.9047619047619,230.0,,25.414798,44.148975,54.246489,5.755224
6,10,3,55.287394,527.1002644834372,87.85004408057286,52.71002644834372,175.70008816114571,560.4230769230769,455.0,0.40384615384615385,0.5384615384615384,314.9166666666667,131.0,,26.174734,44.416566,45.974621,14.027854
6,13,3,37.006212,787.4894085349779,131.24823475582966,60.57610834884445,262.4964695116593,633.5217391304348,747.5,0.45652173913043476,0.41304347826086957,260.62068965517244,104.0,,23.86428,38.165761,41.813495,0.0
6,15,4,34.190278,852.3475591511716,142.05792652519526,56.82317061007811,213.0868897877929,511.2631578947368,464.0,0.2807017543859649,0.5614035087719298,158.55944055944056,70.0,,24.696388,37.100572,38.971171,0.0
6,16,3,36.840603,791.0293976458528,131.83823294097547,49.4393373528658,263.67646588195095,693.8571428571429,1000.0,0.5952380952380952,0.3333333333333333,102.13513513513513,60.0,,25.36242,33.279917,41.569502,0.0
7,9,1,77.943061,373.8883182942995,53.41261689918564,41.54314647714439,373.8883182942995,809.5,1000.0,0.6944444444444444,0.25,384.3050847457627,273.0,,28.284512,47.840815,82.767428,0.0
7,9,2,55.266773,527.2969348147033,75.32813354495761,58.588548312744805,263.64846740735163,677.7209302325581,1000.0,0.5348837209302325,0.37209302325581395,419.8888888888889,340.0,,27.296558,47.969671,55.567764,4.434499
7,9,3,55.160762999999996,528.310313619121,75.4729019455887,58.701145957680104,176.10343787304032,693.8571428571429,1000.0,0.5238095238095238,0.3333333333333333,462.734693877551,487.0,,26.523762,47.479094,48.899016,11.103603
7,10,2,55.129954,528.6055562462468,75.51507946374954,52.86055562462468,264.3027781231234,677.7209302325581,1000.0,0.5581395348837209,0.3488372093023256,354.28125,167.0,,27.626969,44.049027,53.95053,6.051037
7,11,1,76.911902,378.9010444703344,54.1287206386192,34.445549497303126,378.9010444703344,809.5,1000.0,0.7777777777777778,0.19444444444444445,348.83076923076925,158.0,,27.674972,39.539287,81.635356,0.0
7,15,3,36.747724,793.0287056689552,113.28981509556503,52.86858037793035,264.3429018896517,607.125,903.5,0.5,0.4166666666666667,146.28387096774193,71.0,,29.059577,34.389914,41.477151,0.0
8,8,2,55.33416,526.6547825068637,65.83184781335797,65.83184781335797,263.32739125343187,677.7209302325581,1000.0,0.5813953488372093,0.37209302325581395,453.48,603.0,,24.233853,52.260555,58.878436,1.123171
8,9,1,76.672834,380.08246832248307,47.51030854031038,42.231385369164784,380.08246832248307,787.6216216216217,1000.0,0.7297297297297297,0.21621621621621623,419.8888888888889,348.5,,24.760266,46.857206,81.364032,0.0
8,9,2,55.284417,527.1286482047916,65.89108102559895,58.5698498005324,263.5643241023958,677.7209302325581,1000.0,0.5348837209302325,0.3488372093023256,384.3050847457627,247.0,,24.962725,47.477543,54.365074,5.6367329999999995
8,12,2,55.311166,526.8737238336288,65.8592154792036,43.9061436528024,263.4368619168144,693.8571428571429,1000.0,0.5714285714285714,0.3333333333333333,298.3421052631579,158.0,,24.738336,39.203407,51.486998,8.514862
8,12,4,36.698798,794.0859534418539,99.26074418023174,66.17382945348783,198.52148836046348,520.3928571428571,412.0,0.3392857142857143,0.5357142857142857,298.3421052631579,118.5,,26.878682,38.490613,41.480852,0.0
8,13,1,77.33627299999999,376.8218827923089,47.10273534903861,28.98629867633145,376.8218827923089,809.5,1000.0,0.7777777777777778,0.2222222222222222,287.0126582278481,162.0,,26.507822,37.680654,82.189366,0.0
8,14,3,37.67997,773.4082590830088,96.6760323853761,55.24344707735777,257.8027530276696,607.125,782.0,0.4375,0.4375,276.5121951219512,116.0,,23.675009,36.006682,42.524451,0.0
9,8,1,78.055019,373.352032622015,41.483559180223885,46.66900407775187,373.352032622015,809.5,1000.0,0.6944444444444444,0.19444444444444445,492.9130434782609,713.5,,26.336759,50.901368,82.903298,0.0
9,14,2,55.180087,528.1252999836698,58.68058888707443,37.72323571311927,264.0626499918349,787.6216216216217,1000.0,0.6756756756756757,0.2702702702702703,238.67368421052632,111.0,,27.069683,35.749853,52.375723,7.625567
9,15,1,77.306664,376.96620824305654,41.88513424922851,25.131080549537103,376.96620824305654,832.6285714285714,1000.0,0.7714285714285715,0.17142857142857143,209.94444444444446,105.5,,26.468784,35.75325,82.162888,0.0
10,12,3,39.053911,746.1992731022509,74.6199273102251,62.18327275852091,248.73309103408363,620.0425531914893,661.0,0.40425531914893614,0.40425531914893614,328.60869565217394,185.0,,26.401411,38.400524,43.770444,0.0
11,12,2,55.186299999999996,528.0658424282839,48.00598567529853,44.005486869023656,264.03292121414194,710.780487804878,1000.0,0.5365853658536586,0.34146341463414637,365.7096774193548,200.0,,25.644508,38.461538,53.857879,6.144155
